name,stars,img,owner,repo_name
DappGoose-Labs/kilocode,0,https://avatars.githubusercontent.com/u/100529059?s=40&v=4,DappGoose-Labs,kilocode
DiegoSouzaPW/cline,0,https://avatars.githubusercontent.com/u/8016841?s=40&v=4,DiegoSouzaPW,cline
earth-sol/hash,0,https://avatars.githubusercontent.com/u/55757024?s=40&v=4,earth-sol,hash
Zentar-Ai/Zentara-Code,16,https://avatars.githubusercontent.com/u/214788364?s=40&v=4,Zentar-Ai,Zentara-Code
jnorthrup/superbikeshed,0,https://avatars.githubusercontent.com/u/73514?s=40&v=4,jnorthrup,superbikeshed
MjrTom/Roo-Code,0,https://avatars.githubusercontent.com/u/1137977?s=40&v=4,MjrTom,Roo-Code
ffp5/cline-main,0,https://avatars.githubusercontent.com/u/91985618?s=40&v=4,ffp5,cline-main
glassBead-tc/Roo-Code-MCP-Eval,0,https://avatars.githubusercontent.com/u/102933849?s=40&v=4,glassBead-tc,Roo-Code-MCP-Eval
huooda/MultiCoder,0,https://avatars.githubusercontent.com/u/123956273?s=40&v=4,huooda,MultiCoder
noResign/Roo-Code-Simple,0,https://avatars.githubusercontent.com/u/55434371?s=40&v=4,noResign,Roo-Code-Simple
tot-ra/clare,0,https://avatars.githubusercontent.com/u/445122?s=40&v=4,tot-ra,clare
pelikhan/action-genai-video-issue-analyzer,0,https://avatars.githubusercontent.com/u/4175913?s=40&v=4,pelikhan,action-genai-video-issue-analyzer
TSGCFO/Roo-Code,0,https://avatars.githubusercontent.com/u/148046818?s=40&v=4,TSGCFO,Roo-Code
Alzok/kilocode-free,0,https://avatars.githubusercontent.com/u/6191226?s=40&v=4,Alzok,kilocode-free
RooCodeInc/Roo-Code,15297,https://avatars.githubusercontent.com/u/211522643?s=40&v=4,RooCodeInc,Roo-Code
xincmm/claude-code-leak,1,https://avatars.githubusercontent.com/u/22817584?s=40&v=4,xincmm,claude-code-leak
brookcs3/agentis2,0,https://avatars.githubusercontent.com/u/182832077?s=40&v=4,brookcs3,agentis2
carlovsk/botify,0,https://avatars.githubusercontent.com/u/64426814?s=40&v=4,carlovsk,botify
riayunita/voxloud,0,https://avatars.githubusercontent.com/u/6246421?s=40&v=4,riayunita,voxloud
pelikhan/action-genai-issue-dedup,0,https://avatars.githubusercontent.com/u/4175913?s=40&v=4,pelikhan,action-genai-issue-dedup
Alzok/kilodo.kilo-code-free-1.0.0,0,https://avatars.githubusercontent.com/u/6191226?s=40&v=4,Alzok,kilodo.kilo-code-free-1.0.0
pelikhan/action-genai-issue-labeller,2,https://avatars.githubusercontent.com/u/4175913?s=40&v=4,pelikhan,action-genai-issue-labeller
tne-ai/TNE-Code,0,https://avatars.githubusercontent.com/u/73915703?s=40&v=4,tne-ai,TNE-Code
LaxBloxBoy2/qapt-coder,0,https://avatars.githubusercontent.com/u/206945415?s=40&v=4,LaxBloxBoy2,qapt-coder
thomcost/cline,0,https://avatars.githubusercontent.com/u/6240476?s=40&v=4,thomcost,cline
torchy55/Roo-Code,0,https://avatars.githubusercontent.com/u/8405182?s=40&v=4,torchy55,Roo-Code
ripgrim/anon-kode,27,https://avatars.githubusercontent.com/u/75869731?s=40&v=4,ripgrim,anon-kode
Kilo-Org/kilocode,990,https://avatars.githubusercontent.com/u/201822503?s=40&v=4,Kilo-Org,kilocode
HemantGuptaShorthillsAI/Shorthills-ai-extension,0,https://avatars.githubusercontent.com/u/198718535?s=40&v=4,HemantGuptaShorthillsAI,Shorthills-ai-extension
paulpham157/cline,0,https://avatars.githubusercontent.com/u/63088774?s=40&v=4,paulpham157,cline
SwiftUI-Bridge/SwiftUI-Bridge,61,https://avatars.githubusercontent.com/u/177140746?s=40&v=4,SwiftUI-Bridge,SwiftUI-Bridge
microsoft/promptpex,97,https://avatars.githubusercontent.com/u/6154722?s=40&v=4,microsoft,promptpex
mcp-research/aircodelabs__grasp,0,https://avatars.githubusercontent.com/u/208537706?s=40&v=4,mcp-research,aircodelabs__grasp
jabari-max/cline,0,https://avatars.githubusercontent.com/u/207655600?s=40&v=4,jabari-max,cline
DakineMI/genaiscript,0,https://avatars.githubusercontent.com/u/25511074?s=40&v=4,DakineMI,genaiscript
chaterm/Chaterm,352,https://avatars.githubusercontent.com/u/206796645?s=40&v=4,chaterm,Chaterm
cbwinslow/cline,0,https://avatars.githubusercontent.com/u/8528478?s=40&v=4,cbwinslow,cline
amackenzie1/mosaic-match,0,https://avatars.githubusercontent.com/u/38409574?s=40&v=4,amackenzie1,mosaic-match
matari/RooTasker,1,https://avatars.githubusercontent.com/u/1245716?s=40&v=4,matari,RooTasker
TeamADAPT/roo-scheduler,0,https://avatars.githubusercontent.com/u/181675239?s=40&v=4,TeamADAPT,roo-scheduler
noritaka1166/Roo-Code,0,https://avatars.githubusercontent.com/u/189505037?s=40&v=4,noritaka1166,Roo-Code
fernandomfdz/pintora,0,https://avatars.githubusercontent.com/u/15805059?s=40&v=4,fernandomfdz,pintora
chadananda/bw-writer,0,https://avatars.githubusercontent.com/u/958147?s=40&v=4,chadananda,bw-writer
grokchatgpt/skyline,0,https://avatars.githubusercontent.com/u/201217925?s=40&v=4,grokchatgpt,skyline
ringo-hik/on-premises-cline,0,https://avatars.githubusercontent.com/u/138537387?s=40&v=4,ringo-hik,on-premises-cline
kohofinancial/Roo-Code,0,https://avatars.githubusercontent.com/u/25867428?s=40&v=4,kohofinancial,Roo-Code
ClydeShen/mcp-e2e,0,https://avatars.githubusercontent.com/u/16142604?s=40&v=4,ClydeShen,mcp-e2e
InditexTech/cline,0,https://avatars.githubusercontent.com/u/128586778?s=40&v=4,InditexTech,cline
sjf/cline-priv,0,https://avatars.githubusercontent.com/u/153992?s=40&v=4,sjf,cline-priv
scaler-ai/cline,0,https://avatars.githubusercontent.com/u/172877670?s=40&v=4,scaler-ai,cline
huaixvv/roocode-enhance,0,https://avatars.githubusercontent.com/u/48435229?s=40&v=4,huaixvv,roocode-enhance
TeamADAPT/roo-code,0,https://avatars.githubusercontent.com/u/181675239?s=40&v=4,TeamADAPT,roo-code
TheJ-Erk400/cline-dev,1,https://avatars.githubusercontent.com/u/118570800?s=40&v=4,TheJ-Erk400,cline-dev
jamesecy604/mayai-roo,0,https://avatars.githubusercontent.com/u/167812933?s=40&v=4,jamesecy604,mayai-roo
netbrah/cline,0,https://avatars.githubusercontent.com/u/162479981?s=40&v=4,netbrah,cline
mbaneshi/adk-mcp,0,https://avatars.githubusercontent.com/u/21130612?s=40&v=4,mbaneshi,adk-mcp
hongg135/ads,0,https://avatars.githubusercontent.com/u/184446007?s=40&v=4,hongg135,ads
Jbbrack03/Roo-Code,1,https://avatars.githubusercontent.com/u/20332798?s=40&v=4,Jbbrack03,Roo-Code
infinyte/mcp-server,0,https://avatars.githubusercontent.com/u/7569490?s=40&v=4,infinyte,mcp-server
Mr-hysteria/Roo-code,0,https://avatars.githubusercontent.com/u/71417155?s=40&v=4,Mr-hysteria,Roo-code
skaldur-app/skaldur,0,https://avatars.githubusercontent.com/u/210126538?s=40&v=4,skaldur-app,skaldur
mindblowngaming/cline,0,https://avatars.githubusercontent.com/u/125539349?s=40&v=4,mindblowngaming,cline
plucky-ai/agent,0,https://avatars.githubusercontent.com/u/182135327?s=40&v=4,plucky-ai,agent
aeonnext/Roo-Code,0,https://avatars.githubusercontent.com/u/114485942?s=40&v=4,aeonnext,Roo-Code
trustradius/roo-code,0,https://avatars.githubusercontent.com/u/4855189?s=40&v=4,trustradius,roo-code
twilwa/nothingatall,0,https://avatars.githubusercontent.com/u/111034762?s=40&v=4,twilwa,nothingatall
EchoCog/cline,0,https://avatars.githubusercontent.com/u/187094100?s=40&v=4,EchoCog,cline
SSYCloud/roo-code-ssy,5,https://avatars.githubusercontent.com/u/204312386?s=40&v=4,SSYCloud,roo-code-ssy
canstralian/CodeAnywhere,1,https://avatars.githubusercontent.com/u/8595080?s=40&v=4,canstralian,CodeAnywhere
henrikmcgee/Roo-Code,0,https://avatars.githubusercontent.com/u/190606989?s=40&v=4,henrikmcgee,Roo-Code
yurijvolkov/cline_clone,0,https://avatars.githubusercontent.com/u/16668275?s=40&v=4,yurijvolkov,cline_clone
kodelydev/kodely,1,https://avatars.githubusercontent.com/u/208318331?s=40&v=4,kodelydev,kodely
codai-agent/codai,16,https://avatars.githubusercontent.com/u/209134232?s=40&v=4,codai-agent,codai
aeonnext/cline,0,https://avatars.githubusercontent.com/u/114485942?s=40&v=4,aeonnext,cline
kyle-apex/roo-scheduler,19,https://avatars.githubusercontent.com/u/20145331?s=40&v=4,kyle-apex,roo-scheduler
aicoding-caret/caret-zero,2,https://avatars.githubusercontent.com/u/208733330?s=40&v=4,aicoding-caret,caret-zero
jgeofil/hash,0,https://avatars.githubusercontent.com/u/12494787?s=40&v=4,jgeofil,hash
RepairYourTech/Symbiote,0,https://avatars.githubusercontent.com/u/30200484?s=40&v=4,RepairYourTech,Symbiote
Ajayvtl/febcoder,0,https://avatars.githubusercontent.com/u/145452656?s=40&v=4,Ajayvtl,febcoder
bilbywilby/cline,0,https://avatars.githubusercontent.com/u/160368875?s=40&v=4,bilbywilby,cline
gagan114662/roocode_api,0,https://avatars.githubusercontent.com/u/189418381?s=40&v=4,gagan114662,roocode_api
Modern-Prometheus-AI/Apex-CodeGenesis-VSCode,0,https://avatars.githubusercontent.com/u/202560613?s=40&v=4,Modern-Prometheus-AI,Apex-CodeGenesis-VSCode
GradientExplode/Agentic-AI-Coder,0,https://avatars.githubusercontent.com/u/184383765?s=40&v=4,GradientExplode,Agentic-AI-Coder
jedi4ever/autocoder-cline,2,https://avatars.githubusercontent.com/u/70908?s=40&v=4,jedi4ever,autocoder-cline
AgentFlow-Hub/MVP,0,https://avatars.githubusercontent.com/u/205887198?s=40&v=4,AgentFlow-Hub,MVP
RooCodeInc/Roo-Code-Marketplace,16,https://avatars.githubusercontent.com/u/211522643?s=40&v=4,RooCodeInc,Roo-Code-Marketplace
potproject/code-agent,25,https://avatars.githubusercontent.com/u/6498055?s=40&v=4,potproject,code-agent
MjrTom/Apex-CodeGenesis-VSCode,0,https://avatars.githubusercontent.com/u/1137977?s=40&v=4,MjrTom,Apex-CodeGenesis-VSCode
hannahbellesheart/blackbox.ai.security.analysis,2,https://avatars.githubusercontent.com/u/159597144?s=40&v=4,hannahbellesheart,blackbox.ai.security.analysis
anoblet/scad,0,https://avatars.githubusercontent.com/u/7674171?s=40&v=4,anoblet,scad
SmokeJoy/Jarvis-IDE,0,https://avatars.githubusercontent.com/u/204629920?s=40&v=4,SmokeJoy,Jarvis-IDE
justinlietz93/Apex-CodeGenesis,26,https://avatars.githubusercontent.com/u/156801407?s=40&v=4,justinlietz93,Apex-CodeGenesis
RemyLoveLogicAI/Roo-Code,0,https://avatars.githubusercontent.com/u/177037061?s=40&v=4,RemyLoveLogicAI,Roo-Code
MCP-Mirror/microsoft_genaiscript,0,https://avatars.githubusercontent.com/u/192820360?s=40&v=4,MCP-Mirror,microsoft_genaiscript
wolverin0/Roo-web-socket,0,https://avatars.githubusercontent.com/u/135726830?s=40&v=4,wolverin0,Roo-web-socket
libertyteeth/roo-fixes,0,https://avatars.githubusercontent.com/u/32841567?s=40&v=4,libertyteeth,roo-fixes
RodimusGPT/finder-kode,0,https://avatars.githubusercontent.com/u/129975483?s=40&v=4,RodimusGPT,finder-kode
dext7r/cline-chinese,0,https://avatars.githubusercontent.com/u/69443639?s=40&v=4,dext7r,cline-chinese
anoblet/genaisrc,0,https://avatars.githubusercontent.com/u/7674171?s=40&v=4,anoblet,genaisrc
awsh-enterprises/RooCode-Auto-Legacy,0,https://avatars.githubusercontent.com/u/140284579?s=40&v=4,awsh-enterprises,RooCode-Auto-Legacy
entrepeneur4lyf/NeuronLink-CA,0,https://avatars.githubusercontent.com/u/7050547?s=40&v=4,entrepeneur4lyf,NeuronLink-CA
entrepeneur4lyf/cline,1,https://avatars.githubusercontent.com/u/7050547?s=40&v=4,entrepeneur4lyf,cline
bountymac/Roo-Code,0,https://avatars.githubusercontent.com/u/161611901?s=40&v=4,bountymac,Roo-Code
Jobikinobi/cline,0,https://avatars.githubusercontent.com/u/328904?s=40&v=4,Jobikinobi,cline
Narendrareddygithub/cline,0,https://avatars.githubusercontent.com/u/159779479?s=40&v=4,Narendrareddygithub,cline
blazgocompany/DecaCoder,0,https://avatars.githubusercontent.com/u/96586789?s=40&v=4,blazgocompany,DecaCoder
anoblet/home-assistant,1,https://avatars.githubusercontent.com/u/7674171?s=40&v=4,anoblet,home-assistant
Commencement-Technology/cline,0,https://avatars.githubusercontent.com/u/66028997?s=40&v=4,Commencement-Technology,cline
kamisone/poc-stim-boulanger-cafetiere,0,https://avatars.githubusercontent.com/u/52345628?s=40&v=4,kamisone,poc-stim-boulanger-cafetiere
aqureshiest/earnest-dev,1,https://avatars.githubusercontent.com/u/59713011?s=40&v=4,aqureshiest,earnest-dev
mlhiter/mini-cline,0,https://avatars.githubusercontent.com/u/100181513?s=40&v=4,mlhiter,mini-cline
willgiton/roocode-fork,0,https://avatars.githubusercontent.com/u/33313201?s=40&v=4,willgiton,roocode-fork
jskroby/doordash-dashboard,0,https://avatars.githubusercontent.com/u/54971219?s=40&v=4,jskroby,doordash-dashboard
arthrod/Roo-Cline,0,https://avatars.githubusercontent.com/u/89408329?s=40&v=4,arthrod,Roo-Cline
taokepppooo/cursor,0,https://avatars.githubusercontent.com/u/24931132?s=40&v=4,taokepppooo,cursor
mlhiter/sline,0,https://avatars.githubusercontent.com/u/100181513?s=40&v=4,mlhiter,sline
hewansirak/LLM_Judge,0,https://avatars.githubusercontent.com/u/105466147?s=40&v=4,hewansirak,LLM_Judge
chainninja/ai-agent-mcp-demo,1,https://avatars.githubusercontent.com/u/85169739?s=40&v=4,chainninja,ai-agent-mcp-demo
klu-ai/grok-code,1,https://avatars.githubusercontent.com/u/124870686?s=40&v=4,klu-ai,grok-code
codeboltutils/multillm-node,0,https://avatars.githubusercontent.com/u/180016230?s=40&v=4,codeboltutils,multillm-node
SquareandCompass/Cline_AI_Coder,0,https://avatars.githubusercontent.com/u/11151457?s=40&v=4,SquareandCompass,Cline_AI_Coder
ignatandrei/Presentations,4,https://avatars.githubusercontent.com/u/153982?s=40&v=4,ignatandrei,Presentations
Takeshi-OO/gemini-chat-lib,0,https://avatars.githubusercontent.com/u/108854029?s=40&v=4,Takeshi-OO,gemini-chat-lib
CoffeeAtBedtime/CatChat,1,https://avatars.githubusercontent.com/u/6307063?s=40&v=4,CoffeeAtBedtime,CatChat
nanameru/slacline,0,https://avatars.githubusercontent.com/u/86884048?s=40&v=4,nanameru,slacline
LoveDoLove-Forked-Projects/cline,0,https://avatars.githubusercontent.com/u/157819380?s=40&v=4,LoveDoLove-Forked-Projects,cline
JEValenciaVelez/api_IA_business,0,https://avatars.githubusercontent.com/u/108983456?s=40&v=4,JEValenciaVelez,api_IA_business
Niell007/cline,0,https://avatars.githubusercontent.com/u/47694263?s=40&v=4,Niell007,cline
zetsu012/ai-agent,0,https://avatars.githubusercontent.com/u/128967299?s=40&v=4,zetsu012,ai-agent
nyxkrage/claude-code,0,https://avatars.githubusercontent.com/u/46626618?s=40&v=4,nyxkrage,claude-code
PrajnaLabs/Obsidian,0,https://avatars.githubusercontent.com/u/200962941?s=40&v=4,PrajnaLabs,Obsidian
TeamADAPT/NovaIDE,0,https://avatars.githubusercontent.com/u/181675239?s=40&v=4,TeamADAPT,NovaIDE
zxml7777777/fork-nuxtgain,0,https://avatars.githubusercontent.com/u/127290414?s=40&v=4,zxml7777777,fork-nuxtgain
benjaminpittsley/blackboxai-1741230144785,0,https://avatars.githubusercontent.com/u/185556185?s=40&v=4,benjaminpittsley,blackboxai-1741230144785
garnet-labs/cline,0,https://avatars.githubusercontent.com/u/68412253?s=40&v=4,garnet-labs,cline
Vesias/cline,0,https://avatars.githubusercontent.com/u/93291742?s=40&v=4,Vesias,cline
amir-arad/LARP-Conflicts-Table-Web-Client,0,https://avatars.githubusercontent.com/u/6019373?s=40&v=4,amir-arad,LARP-Conflicts-Table-Web-Client
hcengineering/huly-code-cline,6,https://avatars.githubusercontent.com/u/87086734?s=40&v=4,hcengineering,huly-code-cline
PaulArkhet/arkhet-dev,0,https://avatars.githubusercontent.com/u/181801578?s=40&v=4,PaulArkhet,arkhet-dev
uw-ai/amplify-ai,0,https://avatars.githubusercontent.com/u/189057308?s=40&v=4,uw-ai,amplify-ai
Solareni/Half-Lemon,0,https://avatars.githubusercontent.com/u/192905811?s=40&v=4,Solareni,Half-Lemon
HeavenOSK/rich-cline,12,https://avatars.githubusercontent.com/u/19836917?s=40&v=4,HeavenOSK,rich-cline
presidio-oss/factif-ai,37,https://avatars.githubusercontent.com/u/188236679?s=40&v=4,presidio-oss,factif-ai
Exios66/cline,1,https://avatars.githubusercontent.com/u/148591095?s=40&v=4,Exios66,cline
refactorthis/cline,0,https://avatars.githubusercontent.com/u/3012240?s=40&v=4,refactorthis,cline
SecretiveShell/cline,0,https://avatars.githubusercontent.com/u/84923604?s=40&v=4,SecretiveShell,cline
tkc/pr-analyzer,0,https://avatars.githubusercontent.com/u/181991?s=40&v=4,tkc,pr-analyzer
vijay-fs/cline,0,https://avatars.githubusercontent.com/u/85994748?s=40&v=4,vijay-fs,cline
cosmix/archimedes,0,https://avatars.githubusercontent.com/u/76265?s=40&v=4,cosmix,archimedes
banr1/forked-Roo-Code,0,https://avatars.githubusercontent.com/u/33741829?s=40&v=4,banr1,forked-Roo-Code
CWashington98/RedPandaAlerts,0,https://avatars.githubusercontent.com/u/43585651?s=40&v=4,CWashington98,RedPandaAlerts
Multiverse0/cline,0,https://avatars.githubusercontent.com/u/200547739?s=40&v=4,Multiverse0,cline
waht41/auto_machine,18,https://avatars.githubusercontent.com/u/193342630?s=40&v=4,waht41,auto_machine
yumi2344/tanchishe,0,https://avatars.githubusercontent.com/u/115073880?s=40&v=4,yumi2344,tanchishe
secureonelabs/cline,0,https://avatars.githubusercontent.com/u/24754242?s=40&v=4,secureonelabs,cline
mbennett-labs/cline,0,https://avatars.githubusercontent.com/u/86172375?s=40&v=4,mbennett-labs,cline
alextay-ideagen/DocumentStylist,0,https://avatars.githubusercontent.com/u/175783654?s=40&v=4,alextay-ideagen,DocumentStylist
alextaymx/FlexiTemplate,0,https://avatars.githubusercontent.com/u/58934562?s=40&v=4,alextaymx,FlexiTemplate
theodo-fintech/dojo-splitmate,0,https://avatars.githubusercontent.com/u/34738648?s=40&v=4,theodo-fintech,dojo-splitmate
DongShengWork/Roo-Code,0,https://avatars.githubusercontent.com/u/161321472?s=40&v=4,DongShengWork,Roo-Code
DongShengWork/cline,0,https://avatars.githubusercontent.com/u/161321472?s=40&v=4,DongShengWork,cline
gorillabbit/RAIMEI,0,https://avatars.githubusercontent.com/u/19197431?s=40&v=4,gorillabbit,RAIMEI
Sasi354/ChatBot,0,https://avatars.githubusercontent.com/u/82762032?s=40&v=4,Sasi354,ChatBot
NeuronLinkAI/NeuronLink-CA,6,https://avatars.githubusercontent.com/u/194231301?s=40&v=4,NeuronLinkAI,NeuronLink-CA
matheus-rech/claude-dev,1,https://avatars.githubusercontent.com/u/71096630?s=40&v=4,matheus-rech,claude-dev
HybridTalentComputing/cline-chinese,314,https://avatars.githubusercontent.com/u/198068244?s=40&v=4,HybridTalentComputing,cline-chinese
aidrivencoder/Roo-Cline,37,https://avatars.githubusercontent.com/u/183512539?s=40&v=4,aidrivencoder,Roo-Cline
christianheine/page-piranha,2,https://avatars.githubusercontent.com/u/40512168?s=40&v=4,christianheine,page-piranha
gorillabbit/cline-cli,1,https://avatars.githubusercontent.com/u/19197431?s=40&v=4,gorillabbit,cline-cli
mexyusef/codesage-system,0,https://avatars.githubusercontent.com/u/23408831?s=40&v=4,mexyusef,codesage-system
christianheine/jorel-cli-demo,1,https://avatars.githubusercontent.com/u/40512168?s=40&v=4,christianheine,jorel-cli-demo
unicomp23/omni,0,https://avatars.githubusercontent.com/u/105673350?s=40&v=4,unicomp23,omni
christianheine/jorel-starter,1,https://avatars.githubusercontent.com/u/40512168?s=40&v=4,christianheine,jorel-starter
DrugsAreMyLife/NuCode,0,https://avatars.githubusercontent.com/u/173653405?s=40&v=4,DrugsAreMyLife,NuCode
iohub/OpenCopilot,8,https://avatars.githubusercontent.com/u/24241956?s=40&v=4,iohub,OpenCopilot
YukiOta/slack-agents-assistants-mcp-demo,0,https://avatars.githubusercontent.com/u/23182489?s=40&v=4,YukiOta,slack-agents-assistants-mcp-demo
jnorthrup/RooCodeSuperProject,0,https://avatars.githubusercontent.com/u/73514?s=40&v=4,jnorthrup,RooCodeSuperProject
dlants/magenta.nvim,227,https://avatars.githubusercontent.com/u/1186977?s=40&v=4,dlants,magenta.nvim
offsoc/cline,0,https://avatars.githubusercontent.com/u/139764790?s=40&v=4,offsoc,cline
EthanLLL/bedrock-gen-ui,1,https://avatars.githubusercontent.com/u/19232757?s=40&v=4,EthanLLL,bedrock-gen-ui
LivingInDrm/mycline,0,https://avatars.githubusercontent.com/u/188131737?s=40&v=4,LivingInDrm,mycline
JasonMcGee0715/storytime,0,https://avatars.githubusercontent.com/u/60494343?s=40&v=4,JasonMcGee0715,storytime
banr1/forked-cline,0,https://avatars.githubusercontent.com/u/33741829?s=40&v=4,banr1,forked-cline
kanmu/cline,0,https://avatars.githubusercontent.com/u/4252533?s=40&v=4,kanmu,cline
ignatandrei/dotnetstats,1,https://avatars.githubusercontent.com/u/153982?s=40&v=4,ignatandrei,dotnetstats
Flux159/agentic-shell,9,https://avatars.githubusercontent.com/u/904070?s=40&v=4,Flux159,agentic-shell
presidio-oss/cline-based-code-generator,53,https://avatars.githubusercontent.com/u/188236679?s=40&v=4,presidio-oss,cline-based-code-generator
faizancodes/llm-eval-platform,3,https://avatars.githubusercontent.com/u/43652410?s=40&v=4,faizancodes,llm-eval-platform
caicongyang/mini-cline,8,https://avatars.githubusercontent.com/u/6468995?s=40&v=4,caicongyang,mini-cline
inXile-Entertainment/cline,0,https://avatars.githubusercontent.com/u/125497462?s=40&v=4,inXile-Entertainment,cline
70ziko/GhAI,0,https://avatars.githubusercontent.com/u/103563386?s=40&v=4,70ziko,GhAI
rahatmoktadir03/llm-evaluation-platform,1,https://avatars.githubusercontent.com/u/127701272?s=40&v=4,rahatmoktadir03,llm-evaluation-platform
nickytoothiccy/ChatV1,0,https://avatars.githubusercontent.com/u/115097462?s=40&v=4,nickytoothiccy,ChatV1
zackbissell/cline,0,https://avatars.githubusercontent.com/u/175452110?s=40&v=4,zackbissell,cline
Rhysmalcolm13/theodore,1,https://avatars.githubusercontent.com/u/126150759?s=40&v=4,Rhysmalcolm13,theodore
danielbodnar/genaiscript,0,https://avatars.githubusercontent.com/u/1790726?s=40&v=4,danielbodnar,genaiscript
ZoneCog/Roo-Cline,0,https://avatars.githubusercontent.com/u/156602569?s=40&v=4,ZoneCog,Roo-Cline
ZoneCog/cline,0,https://avatars.githubusercontent.com/u/156602569?s=40&v=4,ZoneCog,cline
ciro25/cline,0,https://avatars.githubusercontent.com/u/34545153?s=40&v=4,ciro25,cline
christianheine/jorel,3,https://avatars.githubusercontent.com/u/40512168?s=40&v=4,christianheine,jorel
nodeexcel/TalentAI,0,https://avatars.githubusercontent.com/u/27336099?s=40&v=4,nodeexcel,TalentAI
faizancodes/llm-chain,5,https://avatars.githubusercontent.com/u/43652410?s=40&v=4,faizancodes,llm-chain
GHnnnnn/cline,1,https://avatars.githubusercontent.com/u/178698538?s=40&v=4,GHnnnnn,cline
microsoft/genaiscript,2638,https://avatars.githubusercontent.com/u/6154722?s=40&v=4,microsoft,genaiscript
Imehti/Buauty-Ecommerce-WebPage,0,https://avatars.githubusercontent.com/u/134233740?s=40&v=4,Imehti,Buauty-Ecommerce-WebPage
FarVision2/claude-dev,0,https://avatars.githubusercontent.com/u/118573329?s=40&v=4,FarVision2,claude-dev
trilogy-group/cline,0,https://avatars.githubusercontent.com/u/22237814?s=40&v=4,trilogy-group,cline
Jawabreh0/LLM-Proxy,1,https://avatars.githubusercontent.com/u/98946028?s=40&v=4,Jawabreh0,LLM-Proxy
DiegoSouzaPW/clines,0,https://avatars.githubusercontent.com/u/8016841?s=40&v=4,DiegoSouzaPW,clines
inferablehq/inferable,376,https://avatars.githubusercontent.com/u/170831637?s=40&v=4,inferablehq,inferable
CyprusCodes/llm-proxy,6,https://avatars.githubusercontent.com/u/83613688?s=40&v=4,CyprusCodes,llm-proxy
shouhanzen/cline_shouh,0,https://avatars.githubusercontent.com/u/20606858?s=40&v=4,shouhanzen,cline_shouh
tanghoong/cline,0,https://avatars.githubusercontent.com/u/4799387?s=40&v=4,tanghoong,cline
aws-samples/AWS-First-GenAI-Journey,351,https://avatars.githubusercontent.com/u/8931462?s=40&v=4,aws-samples,AWS-First-GenAI-Journey
mmrech/cline,0,https://avatars.githubusercontent.com/u/137358704?s=40&v=4,mmrech,cline
Snakpax7/cline,0,https://avatars.githubusercontent.com/u/183440026?s=40&v=4,Snakpax7,cline
ovenzeze/super-dev,0,https://avatars.githubusercontent.com/u/16137335?s=40&v=4,ovenzeze,super-dev
quadratichq/quadratic,3661,https://avatars.githubusercontent.com/u/101591215?s=40&v=4,quadratichq,quadratic
asbis/autocoder,0,https://avatars.githubusercontent.com/u/11362831?s=40&v=4,asbis,autocoder
coralnems/claude-dev,0,https://avatars.githubusercontent.com/u/109561276?s=40&v=4,coralnems,claude-dev
aws-samples/enhance-customer-experience-with-an-integrated-ai-chatbot,2,https://avatars.githubusercontent.com/u/8931462?s=40&v=4,aws-samples,enhance-customer-experience-with-an-integrated-ai-chatbot
TeamADAPT/cline,0,https://avatars.githubusercontent.com/u/181675239?s=40&v=4,TeamADAPT,cline
PrimeDeviation/cline,0,https://avatars.githubusercontent.com/u/86575714?s=40&v=4,PrimeDeviation,cline
mendtech-med/mend-app,0,https://avatars.githubusercontent.com/u/183595387?s=40&v=4,mendtech-med,mend-app
gitizenss/shacklebol,0,https://avatars.githubusercontent.com/u/44759128?s=40&v=4,gitizenss,shacklebol
gitizenss/coder,0,https://avatars.githubusercontent.com/u/44759128?s=40&v=4,gitizenss,coder
BangRocket/claude-dev-JB,0,https://avatars.githubusercontent.com/u/1108880?s=40&v=4,BangRocket,claude-dev-JB
vuongbachdoan/fcj-cd-demo,10,https://avatars.githubusercontent.com/u/110236548?s=40&v=4,vuongbachdoan,fcj-cd-demo
minhbear/call-center-prsv,0,https://avatars.githubusercontent.com/u/80438434?s=40&v=4,minhbear,call-center-prsv
psd401/amplify-genai-backend,0,https://avatars.githubusercontent.com/u/1902994?s=40&v=4,psd401,amplify-genai-backend
Andreaswt/useshorts-frontend,11,https://avatars.githubusercontent.com/u/47352649?s=40&v=4,Andreaswt,useshorts-frontend
TeamADAPT/kodu-coder,0,https://avatars.githubusercontent.com/u/181675239?s=40&v=4,TeamADAPT,kodu-coder
TeamADAPT/claude-dev.,5,https://avatars.githubusercontent.com/u/181675239?s=40&v=4,TeamADAPT,claude-dev.
CyberCowboy404/nuxtgain,91,https://avatars.githubusercontent.com/u/65310868?s=40&v=4,CyberCowboy404,nuxtgain
spasma/claude-dev,0,https://avatars.githubusercontent.com/u/5197265?s=40&v=4,spasma,claude-dev
CarlosRobledoM/serenity-server,0,https://avatars.githubusercontent.com/u/94917631?s=40&v=4,CarlosRobledoM,serenity-server
kodu-ai/claude-coder,3597,https://avatars.githubusercontent.com/u/160821808?s=40&v=4,kodu-ai,claude-coder
caesarnine/vscode-ctxl,5,https://avatars.githubusercontent.com/u/5447671?s=40&v=4,caesarnine,vscode-ctxl
sammcj/open-dev,0,https://avatars.githubusercontent.com/u/862951?s=40&v=4,sammcj,open-dev
MoHoThrives/Empathetic-flashy,0,https://avatars.githubusercontent.com/u/34104848?s=40&v=4,MoHoThrives,Empathetic-flashy
cmpub2/claude-dev,0,https://avatars.githubusercontent.com/u/164981654?s=40&v=4,cmpub2,claude-dev
rxtoolkit/genai,3,https://avatars.githubusercontent.com/u/155207615?s=40&v=4,rxtoolkit,genai
defibabylon/llama-dev,0,https://avatars.githubusercontent.com/u/68934089?s=40&v=4,defibabylon,llama-dev
sosacrazy126/reimagined-meme,0,https://avatars.githubusercontent.com/u/149269088?s=40&v=4,sosacrazy126,reimagined-meme
HammingHQ/hamming-examples,6,https://avatars.githubusercontent.com/u/153960279?s=40&v=4,HammingHQ,hamming-examples
cline/cline,45457,https://avatars.githubusercontent.com/u/184127137?s=40&v=4,cline,cline
HammingHQ/evals-ts,1,https://avatars.githubusercontent.com/u/153960279?s=40&v=4,HammingHQ,evals-ts
superyhee/claude-ui-copilot,11,https://avatars.githubusercontent.com/u/8732388?s=40&v=4,superyhee,claude-ui-copilot
vuongbachdoan/PRSV24-HACKATHON-GENAI,1,https://avatars.githubusercontent.com/u/110236548?s=40&v=4,vuongbachdoan,PRSV24-HACKATHON-GENAI
MedFediJatlaoui/ValoParamAdmin,0,https://avatars.githubusercontent.com/u/100429351?s=40&v=4,MedFediJatlaoui,ValoParamAdmin
aayush-kumar-codes/TalentAI,0,https://avatars.githubusercontent.com/u/46257768?s=40&v=4,aayush-kumar-codes,TalentAI
sawyerit/testwithclaude,0,https://avatars.githubusercontent.com/u/2073385?s=40&v=4,sawyerit,testwithclaude
jiaming-ai/hackerthon,1,https://avatars.githubusercontent.com/u/103470603?s=40&v=4,jiaming-ai,hackerthon
fumieval/sashimi-tanpopo,0,https://avatars.githubusercontent.com/u/761865?s=40&v=4,fumieval,sashimi-tanpopo
quantalogic/qllm,33,https://avatars.githubusercontent.com/u/171659527?s=40&v=4,quantalogic,qllm
poornimagodavarthy/CivicSearch-AI-Hackathon,1,https://avatars.githubusercontent.com/u/71750194?s=40&v=4,poornimagodavarthy,CivicSearch-AI-Hackathon
manishiitg/ai-agent-recruiter,3,https://avatars.githubusercontent.com/u/1370315?s=40&v=4,manishiitg,ai-agent-recruiter
ASUCICREPO/Interactive-Avatar,0,https://avatars.githubusercontent.com/u/55417274?s=40&v=4,ASUCICREPO,Interactive-Avatar
adexltd/adex-pr-review-bot,0,https://avatars.githubusercontent.com/u/117255197?s=40&v=4,adexltd,adex-pr-review-bot
hashintel/hash,1215,https://avatars.githubusercontent.com/u/22116112?s=40&v=4,hashintel,hash
PromptMixerDev/prompt-mixer-bedrock-connector,0,https://avatars.githubusercontent.com/u/149973645?s=40&v=4,PromptMixerDev,prompt-mixer-bedrock-connector
WaelArfaaoui/AdminModule,0,https://avatars.githubusercontent.com/u/161303710?s=40&v=4,WaelArfaaoui,AdminModule
szaranger/conversational-ad-writing,0,https://avatars.githubusercontent.com/u/658820?s=40&v=4,szaranger,conversational-ad-writing
nakedtatsuya/bedrock,0,https://avatars.githubusercontent.com/u/26600620?s=40&v=4,nakedtatsuya,bedrock
Renukadema/solution-guidance-for-building-an-automated-call-centre-agent,0,https://avatars.githubusercontent.com/u/153048791?s=40&v=4,Renukadema,solution-guidance-for-building-an-automated-call-centre-agent
darshansrc/chatmermaid,1,https://avatars.githubusercontent.com/u/96766940?s=40&v=4,darshansrc,chatmermaid
aws-samples/solution-guidance-for-building-an-automated-call-centre-agent,10,https://avatars.githubusercontent.com/u/8931462?s=40&v=4,aws-samples,solution-guidance-for-building-an-automated-call-centre-agent
sribala20/civic-search,1,https://avatars.githubusercontent.com/u/102557097?s=40&v=4,sribala20,civic-search
sansmoraxz/tambla,0,https://avatars.githubusercontent.com/u/31374920?s=40&v=4,sansmoraxz,tambla
AbdullA-Ababakre/poppyAI,0,https://avatars.githubusercontent.com/u/35424601?s=40&v=4,AbdullA-Ababakre,poppyAI
aws-samples/generative-ai-newsletter-app,45,https://avatars.githubusercontent.com/u/8931462?s=40&v=4,aws-samples,generative-ai-newsletter-app
Rkaede/simple-chat-app,1,https://avatars.githubusercontent.com/u/1498573?s=40&v=4,Rkaede,simple-chat-app
fumieval/aws-bedrock-example,0,https://avatars.githubusercontent.com/u/761865?s=40&v=4,fumieval,aws-bedrock-example
lee-vincent/AHEAD-ai-dad-joke-generator,0,https://avatars.githubusercontent.com/u/16567494?s=40&v=4,lee-vincent,AHEAD-ai-dad-joke-generator
erinmd/breathe-easy-thailand,0,https://avatars.githubusercontent.com/u/24756515?s=40&v=4,erinmd,breathe-easy-thailand
DurgeshRathod/ai-test-gen-angular,12,https://avatars.githubusercontent.com/u/12259813?s=40&v=4,DurgeshRathod,ai-test-gen-angular
nkaewam/NQL,0,https://avatars.githubusercontent.com/u/43312669?s=40&v=4,nkaewam,NQL
heeki/lambda_bedrock_streaming,8,https://avatars.githubusercontent.com/u/7570411?s=40&v=4,heeki,lambda_bedrock_streaming
